PMID,Title,Authors,Citation,First Author,Journal/Book,Publication Year,Create Date,PMCID,NIHMS ID,DOI,pubmed_url,second_link,pdf_url,download_status,download_error
41006008,Prognostic Impact of ALK Rearrangements in Resected NSCLC: A Systematic Review and Meta-analysis,"Seong H, Kim SH, Kim MH, Eom JS.",Anticancer Res. 2025 Oct;45(10):4519-4534. doi: 10.21873/anticanres.17799.,Seong H,Anticancer Res,2025,2025-09-26 00:00:00,,,10.21873/anticanres.17799,https://pubmed.ncbi.nlm.nih.gov/41006008/,https://www.nih.gov/,,failed,row_timeout>120s
40748599,Efficacy and safety evaluation of exercise intervention in improving rehabilitation outcomes for advanced lung cancer patients,"Dong J, Lv X, Chi J, Wang D.",J Sports Med Phys Fitness. 2025 Nov;65(11):1522-1535. doi: 10.23736/S0022-4707.25.16844-8. Epub 2025 Aug 1.,Dong J,J Sports Med Phys Fitness,2025,2025-08-01 00:00:00,,,10.23736/S0022-4707.25.16844-8,https://pubmed.ncbi.nlm.nih.gov/40748599/,https://www.nih.gov/,,failed,row_timeout>120s
40531080,"PD-1/PD-L1 inhibitors plus chemotherapy versus chemotherapy alone for TKIs-resistant, EGFR-mutant, advanced non-small-cell lung cancer: a phase 3 RCTs based meta-analysis","Chen X, Zhao J, Zhang W, Ying X.",Expert Rev Anticancer Ther. 2025 Sep;25(9):1087-1098. doi: 10.1080/14737140.2025.2522980. Epub 2025 Jul 8.,Chen X,Expert Rev Anticancer Ther,2025,2025-06-18 00:00:00,,,10.1080/14737140.2025.2522980,https://pubmed.ncbi.nlm.nih.gov/40531080/,https://www.tandfonline.com/doi/full/10.1080/14737140.2025.2522980,,failed,row_timeout>120s
40447508,CT-Based Radiomics for Predicting PD-L1 Expression in Non-small Cell Lung Cancer: A Systematic Review and Meta-analysis,"Salimi M, Vadipour P, Khosravi A, Salimi B, Mabani M, Rostami P, Seifi S.",Acad Radiol. 2025 Nov;32(11):6913-6928. doi: 10.1016/j.acra.2025.05.024. Epub 2025 May 29.,Salimi M,Acad Radiol,2025,2025-05-30 00:00:00,,,10.1016/j.acra.2025.05.024,https://pubmed.ncbi.nlm.nih.gov/40447508/,https://doi.org/10.1016/j.acra.2025.05.024,,failed,row_timeout>180s
40421698,Adjuvant epidermal growth factor receptor (EGFR) tyrosine kinase inhibitors (TKIs) for the treatment of people with resected stage I to III non-small-cell lung cancer and EGFR mutation,"Occhipinti M, Imbimbo M, Ferrara R, Simeon V, Fiscon G, Marchal C, Skoetz N, Viscardi G.",Cochrane Database Syst Rev. 2025 May 27;5(5):CD015140. doi: 10.1002/14651858.CD015140.pub2.,Occhipinti M,Cochrane Database Syst Rev,2025,2025-05-27 00:00:00,PMC12107686,,10.1002/14651858.CD015140.pub2,https://pubmed.ncbi.nlm.nih.gov/40421698/,https://www.sciencedirect.com/science/article/pii/S221326002100134X,,failed,row_timeout>180s
40382884,"Effectiveness of Baduanjin exercise on pulmonary function, quality of life, psychological well-being and exercise tolerance in postoperative patients with non-small cell lung cancer: Systematic review and meta-analysis of randomized controlled trials","Yan Z, Chen M, Tao J, Wang Y, Huang P.",Explore (NY). 2025 Jul-Aug;21(4):103186. doi: 10.1016/j.explore.2025.103186. Epub 2025 May 9.,Yan Z,Explore (NY),2025,2025-05-18 00:00:00,,,10.1016/j.explore.2025.103186,https://pubmed.ncbi.nlm.nih.gov/40382884/,https://linkinghub.elsevier.com/retrieve/pii/S1550-8307(25)00077-1,,failed,https://www.clinicalkey.com/nursing/content/playBy/pii?v=S1550-8307(25)00077-1 -> no_live_pdf
40382256,Chronic pancreatitis and extra pancreatic cancers- A systematic review and meta analysis,"Quammie S, Crooks CJ, Aliyu A, Aithal GP, Aravinthan AD.",Pancreatology. 2025 Jun;25(4):516-527. doi: 10.1016/j.pan.2025.05.003. Epub 2025 May 10.,Quammie S,Pancreatology,2025,2025-05-17 00:00:00,,,10.1016/j.pan.2025.05.003,https://pubmed.ncbi.nlm.nih.gov/40382256/,https://doi.org/10.1016/j.pan.2025.05.003,https://www.sciencedirect.com/science/article/pii/S1424390325000882/pdfft?md5=453f34d8641c1ee9cc7e836f727d7e09&pid=1-s2.0-S1424390325000882-main.pdf,failed,row_timeout>180s
40360049,"A systematic review and meta-analysis of the utility of quantitative, imaging-based approaches to predict radiation-induced toxicity in lung cancer patients","Tong D, Midroni J, Avison K, Alnassar S, Chen D, Parsa R, Yariv O, Liu Z, Ye XY, Hope A, Wong P, Raman S.",Radiother Oncol. 2025 Jul;208:110935. doi: 10.1016/j.radonc.2025.110935. Epub 2025 May 11.,Tong D,Radiother Oncol,2025,2025-05-13 00:00:00,,,10.1016/j.radonc.2025.110935,https://pubmed.ncbi.nlm.nih.gov/40360049/,https://doi.org/10.1016/j.radonc.2025.110935,,failed,https://www.sciencedirect.com/science/article/pii/S0167814025002300?via%3Dihub -> no_live_pdf
40347714,Benefit of adjuvant chemotherapy for resected stage I lung cancer with spread through air spaces: a systematic review and meta-analysis,"Du H, Li X, Wang Y, Wang Q, Tao Y, Cui X, Wen Z, Yan S, Wu N.",Eur J Surg Oncol. 2025 Aug;51(8):110104. doi: 10.1016/j.ejso.2025.110104. Epub 2025 Apr 25.,Du H,Eur J Surg Oncol,2025,2025-05-10 00:00:00,,,10.1016/j.ejso.2025.110104,https://pubmed.ncbi.nlm.nih.gov/40347714/,https://doi.org/10.1016/j.ejso.2025.110104,,failed,row_timeout>180s
40262688,Stereotactic reirradiation for in-field lung cancer recurrence after stereotactic ablative radiotherapy: A systematic review and meta-analysis,"Jang K, Cross S, Yeghiaian-Alvandi R.",Radiother Oncol. 2025 Jul;208:110898. doi: 10.1016/j.radonc.2025.110898. Epub 2025 Apr 20.,Jang K,Radiother Oncol,2025,2025-04-22 00:00:00,,,10.1016/j.radonc.2025.110898,https://pubmed.ncbi.nlm.nih.gov/40262688/,https://linkinghub.elsevier.com/retrieve/pii/S0167-8140(25)00193-8,https://www.thegreenjournal.com/action/showPdf?pii=S0167-8140%2825%2900193-8,failed,row_timeout>180s
40254042,Adjuvant Therapy in Stage IB Non-Small Cell Lung Cancer: A Network Meta-Analysis of Tegafur-Uracil and Immune Checkpoint Inhibitors,"Hamaji M, Takeuchi J, Ozu N, Miyata R, Yamanashi K, Kawaguchi T, Hosono M.",Semin Thorac Cardiovasc Surg. 2025 Summer;37(2):210-216. doi: 10.1053/j.semtcvs.2025.03.011. Epub 2025 Apr 18.,Hamaji M,Semin Thorac Cardiovasc Surg,2025,2025-04-20 00:00:00,,,10.1053/j.semtcvs.2025.03.011,https://pubmed.ncbi.nlm.nih.gov/40254042/,https://www.sciencedirect.com/science/article/pii/S1043067925000498,,failed,https://www.sciencedirect.com/science/article/pii/S1043067925000498?via=ihub -> no_live_pdf
40210599,Neoadjuvant vs perioperative chemo-immunotherapy according to pathological response in resectable non-small cell lung cancer: a reconstructed individual patient data meta-analysis,"Nuccio A, Salomone F, Servetto A, Ricciuti B, Marinelli D, Bulotta A, Veronesi G, Garassino MC, Torri V, Besse B, Viscardi G, Ferrara R.",J Natl Cancer Inst. 2025 Nov 1;117(11):2388-2393. doi: 10.1093/jnci/djaf090.,Nuccio A,J Natl Cancer Inst,2025,2025-04-10 00:00:00,,,10.1093/jnci/djaf090,https://pubmed.ncbi.nlm.nih.gov/40210599/,https://www.nih.gov/,,failed,row_timeout>150s
40209857,Thoracic radiotherapy schedules in limited-stage small cell lung cancer: A systematic review and network meta-analysis,"Zhong X, Liu Y, Ji Y, Wang L.",Radiother Oncol. 2025 Jun;207:110888. doi: 10.1016/j.radonc.2025.110888. Epub 2025 Apr 8.,Zhong X,Radiother Oncol,2025,2025-04-10 00:00:00,,,10.1016/j.radonc.2025.110888,https://pubmed.ncbi.nlm.nih.gov/40209857/,https://linkinghub.elsevier.com/retrieve/pii/S0167-8140(25)00183-5,,failed,https://www.sciencedirect.com/science/article/pii/S0167814025001835?via=ihub -> no_live_pdf
40204634,The Effect of Nursing-Based Enhanced Recovery After Surgery on Quality of Life in Lung Cancer Patients Receiving Surgery: A Systematic Review and Meta-Analysis,"Wu W, Qiu R.",Nurs Health Sci. 2025 Jun;27(2):e70094. doi: 10.1111/nhs.70094.,Wu W,Nurs Health Sci,2025,2025-04-09 00:00:00,,,10.1111/nhs.70094,https://pubmed.ncbi.nlm.nih.gov/40204634/,https://onlinelibrary.wiley.com/doi/full/10.1111/nhs.70094,,failed,row_timeout>120s
40202356,Interreader Agreement of Lung-RADS: A Systematic Review and Meta-Analysis,"Hwang J, Kim PH, You S, Kim YN, Sun JS.",AJR Am J Roentgenol. 2025 Jun;224(6):e2532681. doi: 10.2214/AJR.25.32681. Epub 2025 Jun 18.,Hwang J,AJR Am J Roentgenol,2025,2025-04-09 00:00:00,,,10.2214/AJR.25.32681,https://pubmed.ncbi.nlm.nih.gov/40202356/,https://www.nih.gov/,,failed,row_timeout>150s
40147760,Prevalence and prognostic value of global leadership initiative on malnutrition (GLIM) phenotypic cachexia criteria in cancer patients: A systematic review and meta-analysis,"Pumtako C, Dolan RD, McMillan DC.",Clin Nutr ESPEN. 2025 Jun;67:387-397. doi: 10.1016/j.clnesp.2025.03.044. Epub 2025 Mar 25.,Pumtako C,Clin Nutr ESPEN,2025,2025-03-27 00:00:00,,,10.1016/j.clnesp.2025.03.044,https://pubmed.ncbi.nlm.nih.gov/40147760/,,,failed,https://www.sciencedirect.com/science/article/pii/S2405457725001354?via=ihub -> no_live_pdf
40139282,The clinicopathologic and prognostic value of CD44 expression in patients with non-small cell lung cancer: A systematic review and meta-analysis,"Alaei E, Farahani N, Orouei S, Alimohammadi M, Daneshi S, Mousavi T, Mahmoodieh B, Taheriazam A, Rahimzadeh P, Hashemi M.",Mol Cell Probes. 2025 Jun;81:102028. doi: 10.1016/j.mcp.2025.102028. Epub 2025 Mar 24.,Alaei E,Mol Cell Probes,2025,2025-03-26 00:00:00,,,10.1016/j.mcp.2025.102028,https://pubmed.ncbi.nlm.nih.gov/40139282/,,,failed,https://www.sciencedirect.com/science/article/pii/S0890850825000210?via%3Dihub -> no_live_pdf
40105582,Ultrathin bronchoscopy versus conventional bronchoscopy in the diagnosis of peripheral pulmonary lesions: a systematic review and meta-analysis,"Liu J, Yang Z, Zou H, Li L, Li L, Wang H.",Expert Rev Respir Med. 2025 May;19(5):461-473. doi: 10.1080/17476348.2025.2481959. Epub 2025 Mar 24.,Liu J,Expert Rev Respir Med,2025,2025-03-19 00:00:00,,,10.1080/17476348.2025.2481959,https://pubmed.ncbi.nlm.nih.gov/40105582/,https://www.tandfonline.com/doi/full/10.1080/17476348.2025.2481959,,failed,row_timeout>120s
40054601,Prevalence of Airflow Limitation and Emphysema in Lung Cancer Screening Populations: A Systematic Review and Meta-Analysis,"Choi H, Kwak IY, Oh CR, Goo JM, Yoon SH.",Chest. 2025 Jul;168(1):67-82. doi: 10.1016/j.chest.2025.02.021. Epub 2025 Mar 5.,Choi H,Chest,2025,2025-03-07 00:00:00,,,10.1016/j.chest.2025.02.021,https://pubmed.ncbi.nlm.nih.gov/40054601/,https://doi.org/10.1016/j.chest.2025.02.021,,failed,https://www.clinicalkey.com/content/playBy/pii/?v=S0012369225002703&returnurl=https://linkinghub.elsevier.com/retrieve/pii/S0012369225002703?showall=true&referrer= -> no_live_pdf
40009905,Estrogen receptor subtypes and survival outcomes in non-small cell lung cancer,"Thaker R, Lee UJ, Strange TJ, Sison CP, Kwok YFR, Niazi MRK, Gut T, Seetharamu N, Castellanos MR.",Pathol Res Pract. 2025 Apr;268:155843. doi: 10.1016/j.prp.2025.155843. Epub 2025 Feb 21.,Thaker R,Pathol Res Pract,2025,2025-02-26 00:00:00,,,10.1016/j.prp.2025.155843,https://pubmed.ncbi.nlm.nih.gov/40009905/,https://doi.org/10.1016/j.prp.2025.155843,,failed,https://www.sciencedirect.com/science/article/pii/S0344033825000354?via%3Dihub -> no_live_pdf
39984224,"The effect of occupational exposure to welding fumes on trachea, bronchus, and lung cancer: A supplementary analysis of regular occupational exposure and of occasional occupational exposure based on the systematic review and meta-analysis from the WHO/ILO Joint estimates of the work-related burden of disease and Injury","Momen NC, Baker MG, Driscoll T, Li J, Martínez-Silveira MS, Turner MC, Viegas S, Villeneuve PJ, Pega F.",Environ Int. 2025 Feb;196:109216. doi: 10.1016/j.envint.2024.109216. Epub 2024 Dec 19.,Momen NC,Environ Int,2025,2025-02-21 00:00:00,,,10.1016/j.envint.2024.109216,https://pubmed.ncbi.nlm.nih.gov/39984224/,https://doi.org/10.1016/j.envint.2024.109216,https://www.sciencedirect.com/science/article/pii/S0160412024008031/pdfft?md5=a77a973c0a4ba1c2a586000fd241e62e&pid=1-s2.0-S0160412024008031-main.pdf,failed,"Puppeteer: Execution context was destroyed, most likely because of a navigation. | Axios: HTTP 403"
39983807,Risk relationship between six autoimmune diseases and malignancies: An umbrella review,"Yang P, Liu Q, Zhang H, Wu M, Zhao J, Shen G, Zhao Y.",Autoimmun Rev. 2025 Apr 30;24(5):103779. doi: 10.1016/j.autrev.2025.103779. Epub 2025 Feb 19.,Yang P,Autoimmun Rev,2025,2025-02-21 00:00:00,,,10.1016/j.autrev.2025.103779,https://pubmed.ncbi.nlm.nih.gov/39983807/,https://doi.org/10.1016/j.autrev.2025.103779,,failed,https://www.sciencedirect.com/science/article/pii/S1568997225000394?via=ihub -> no_live_pdf
39951884,"Comparing the Effectiveness and Safety of First-line Interventions in Patients With Advanced Epidermal Growth Factor Receptor-mutant Non-small Cell Lung Cancer, With Particular Focus on Brain Metastatic Status: A Systematic Review and Network Meta-analysis","Mei T, Wang T, Xu T, Zhou Q.",Clin Oncol (R Coll Radiol). 2025 Apr;40:103776. doi: 10.1016/j.clon.2025.103776. Epub 2025 Jan 30.,Mei T,Clin Oncol (R Coll Radiol),2025,2025-02-14 00:00:00,,,10.1016/j.clon.2025.103776,https://pubmed.ncbi.nlm.nih.gov/39951884/,https://doi.org/10.1016/j.clon.2025.103776,,failed,row_timeout>120s
39923718,Evaluating the safety of antibody-drug conjugates in lung cancer: A systematic review and meta-analysis,"He Q, Jiang L, Xu Y, Wang M.",Lung Cancer. 2025 Mar;201:108425. doi: 10.1016/j.lungcan.2025.108425. Epub 2025 Feb 5.,He Q,Lung Cancer,2025,2025-02-09 00:00:00,,,10.1016/j.lungcan.2025.108425,https://pubmed.ncbi.nlm.nih.gov/39923718/,https://doi.org/10.1016/j.lungcan.2025.108425,,failed,https://www.sciencedirect.com/science/article/pii/S0169500225000467?via=ihub -> no_live_pdf
39893747,Efficacy and safety of immune checkpoint inhibition combined with concurrent chemoradiotherapy in patients with stage III unresectable non-small cell lung cancer: A systematic review and meta-analysis,"Acker F, Reck M, Martin D, Rieken S, Heinzen S, Rost M, Aguinarte L, Schulte H, Serve H, Oellerich T, Sebastian M, Althoff FC.",Eur J Cancer. 2025 Mar 11;218:115266. doi: 10.1016/j.ejca.2025.115266. Epub 2025 Jan 30.,Acker F,Eur J Cancer,2025,2025-02-02 00:00:00,,,10.1016/j.ejca.2025.115266,https://pubmed.ncbi.nlm.nih.gov/39893747/,https://linkinghub.elsevier.com/retrieve/pii/S0959-8049(25)00047-4,,failed,row_timeout>120s
39886909,Revisiting the association between sodium-glucose cotransporter-2 inhibitors and the risk of neoplasm in patients with type 2 diabetes: new insights from an updated systematic review and meta-analysis of randomized controlled trials,"Wang Y, Li Z, Lin C, Zhou J, Cai X, Lv F, Yang W, Ji L.",Expert Rev Clin Pharmacol. 2025 Mar;18(3):165-173. doi: 10.1080/17512433.2024.2439970. Epub 2025 Feb 4.,Wang Y,Expert Rev Clin Pharmacol,2025,2025-01-31 00:00:00,,,10.1080/17512433.2024.2439970,https://pubmed.ncbi.nlm.nih.gov/39886909/,https://www.tandfonline.com/doi/full/10.1080/17512433.2024.2439970,,failed,row_timeout>150s
39883489,The diagnostic performance and optimal strategy of cone beam CT-assisted bronchoscopy for peripheral pulmonary lesions: A systematic review and meta-analysis,"Yang H, Huang J, Zhang Y, Guo J, Xie S, Zheng Z, Ma Y, Deng Q, Zhong C, Li S.",Pulmonology. 2025 Dec 31;31(1):2420562. doi: 10.1080/25310429.2024.2420562. Epub 2024 Nov 4.,Yang H,Pulmonology,2025,2025-01-30 00:00:00,,,10.1080/25310429.2024.2420562,https://pubmed.ncbi.nlm.nih.gov/39883489/,https://www.tandfonline.com/doi/full/10.1080/25310429.2024.2420562,https://www.tandfonline.com/doi/epdf/10.1080/25310429.2024.2420562?needAccess=true,failed,row_timeout>150s
39874440,Immune checkpoint inhibitors plus taxane-based chemotherapy for patients with advanced/metastatic NSCLC: a systematic review and meta-analysis across different PD-L1 expression levels,"Abushanab AK, Mustafa MT, Mousa MT, Albanawi RF, Alkhalaileh RM, Alqudah GN, Abu Zaina RF, Abu Sitta ZA, Almasri IM, Abuquteish D.",Expert Rev Anticancer Ther. 2025 Feb;25(2):167-179. doi: 10.1080/14737140.2025.2460537. Epub 2025 Feb 3.,Abushanab AK,Expert Rev Anticancer Ther,2025,2025-01-28 00:00:00,,,10.1080/14737140.2025.2460537,https://pubmed.ncbi.nlm.nih.gov/39874440/,https://www.tandfonline.com/doi/full/10.1080/14737140.2025.2460537,,failed,row_timeout>150s
39864574,Association of VEGFR2 polymorphisms with clinical outcomes of anti-angiogenesis therapy in cancer patients: A systematic review and meta-analysis,"Feng W, Zhou L, He J, Wang Y, Cai J, Jiang T, Zhao Q, Ren T.",Eur J Pharmacol. 2025 Mar 5;990:177299. doi: 10.1016/j.ejphar.2025.177299. Epub 2025 Jan 24.,Feng W,Eur J Pharmacol,2025,2025-01-26 00:00:00,,,10.1016/j.ejphar.2025.177299,https://pubmed.ncbi.nlm.nih.gov/39864574/,https://doi.org/10.1016/j.ejphar.2025.177299,,failed,https://www.sciencedirect.com/science/article/pii/S0014299925000524?via%3Dihub -> no_live_pdf
39823657,[(18)F]FDG PET/CT versus Dynamic Contrast-Enhanced CT for the diagnosis of solitary pulmonary Nodule: A Head-to-Head comparative Meta-Analysis,"Long H, Hao B, Cao Y, Cai Y, Wei S, Liu X.",Eur J Radiol. 2025 Feb;183:111916. doi: 10.1016/j.ejrad.2025.111916. Epub 2025 Jan 3.,Long H,Eur J Radiol,2025,2025-01-17 00:00:00,,,10.1016/j.ejrad.2025.111916,https://pubmed.ncbi.nlm.nih.gov/39823657/,https://linkinghub.elsevier.com/retrieve/pii/S0720-048X(25)00002-6,,failed,https://www.sciencedirect.com/science/article/pii/S0720048X25000026?via=ihub -> no_live_pdf
39742912,"Preserved Ratio Impaired Spirometry Prevalence, Risk Factors, and Outcomes: A Systematic Review and Meta-Analysis","Robertson NM, Centner CS, Tejwani V, Hossen S, Karmali D, Liu S, Siddharthan T.",Chest. 2025 Jun;167(6):1591-1614. doi: 10.1016/j.chest.2024.12.025. Epub 2024 Dec 30.,Robertson NM,Chest,2025,2025-01-01 00:00:00,,,10.1016/j.chest.2024.12.025,https://pubmed.ncbi.nlm.nih.gov/39742912/,https://doi.org/10.1016/j.chest.2024.12.025,,failed,https://www.clinicalkey.com/content/playBy/pii/?v=S0012369224057349&returnurl=https://linkinghub.elsevier.com/retrieve/pii/S0012369224057349?showall=true&referrer= -> no_live_pdf
39730034,Grading the evidence for physical activity and any outcome in cancer survivors: An Umbrella review of 740 meta-analytic associations,"Filis P, Markozannes G, Chan DS, Mauri D, Foukakis T, Matikas A, Droufakou S, Pentheroudakis G, Tsilidis K.",Crit Rev Oncol Hematol. 2025 Mar;207:104602. doi: 10.1016/j.critrevonc.2024.104602. Epub 2024 Dec 25.,Filis P,Crit Rev Oncol Hematol,2025,2024-12-27 00:00:00,,,10.1016/j.critrevonc.2024.104602,https://pubmed.ncbi.nlm.nih.gov/39730034/,https://doi.org/10.1016/j.critrevonc.2024.104602,https://www.sciencedirect.com/science/article/pii/S1040842824003457/pdfft?md5=6da5baf4c8d2dbc660c9fac6b906e359&pid=1-s2.0-S1040842824003457-main.pdf,failed,"Puppeteer: Execution context was destroyed, most likely because of a navigation. | Axios: HTTP 403"
39727205,Radiofrequency ablation versus microwave ablation for lung cancer/lung metastases: a meta-analysis,"Liu X, Zhan Y, Wang H, Tang X, Cheng Y.",ANZ J Surg. 2025 Jan-Feb;95(1-2):56-65. doi: 10.1111/ans.19376. Epub 2024 Dec 27.,Liu X,ANZ J Surg,2025,2024-12-27 00:00:00,,,10.1111/ans.19376,https://pubmed.ncbi.nlm.nih.gov/39727205/,https://onlinelibrary.wiley.com/doi/full/10.1111/ans.19376,,failed,row_timeout>150s
39672496,"Exposure to per- and poly-fluoroalkyl substances and lung, head and neck, and thyroid cancer: A systematic review and meta-analysis","Sassano M, Seyyedsalehi MS, Kappil EM, Zhang S, Zheng T, Boffetta P.",Environ Res. 2025 Feb 1;266:120606. doi: 10.1016/j.envres.2024.120606. Epub 2024 Dec 11.,Sassano M,Environ Res,2025,2024-12-13 00:00:00,,,10.1016/j.envres.2024.120606,https://pubmed.ncbi.nlm.nih.gov/39672496/,https://linkinghub.elsevier.com/retrieve/pii/S0013-9351(24)02510-6,https://www.sciencedirect.com/science/article/pii/S0013935124025106/pdfft?md5=a362056a06640ce2ba9266ee70210f1e&pid=1-s2.0-S0013935124025106-main.pdf,failed,"Puppeteer: Execution context was destroyed, most likely because of a navigation. | Axios: HTTP 403"
39645003,The accuracy and adequacy of rapid on-site evaluation conducted by trained pulmonologist on transbronchial needle aspiration samples: A systemic review and meta-analysis,"Ehab A, Elgenidy A, Abobakr OA, Abubasheer TM, Odat RM, Ghonaim MM, Amin MA, Othman YA, Oweidah A, Khattab DH, Sakka Laik LB, Ali M, Shalabi A, Al-Mawla O, Abdelwahab HW, Abdelatti D.",Respir Med. 2025 Jan;236:107903. doi: 10.1016/j.rmed.2024.107903. Epub 2024 Dec 5.,Ehab A,Respir Med,2025,2024-12-07 00:00:00,,,10.1016/j.rmed.2024.107903,https://pubmed.ncbi.nlm.nih.gov/39645003/,https://linkinghub.elsevier.com/retrieve/pii/S0954-6111(24)00378-0,,failed,https://www.sciencedirect.com/science/article/pii/S0954611124003780?via=ihub -> no_live_pdf
39581379,Low Dose Computed Tomography for Lung Cancer Screening in Tuberculosis Endemic Countries: A Systematic Review and Meta-Analysis,"Damaraju V, Krushna Karri JK, Gandrakota G, Marimuthu Y, Ravindra AG, Aravindakshan R, Singh N.",J Thorac Oncol. 2025 Mar;20(3):296-310. doi: 10.1016/j.jtho.2024.11.020. Epub 2024 Nov 22.,Damaraju V,J Thorac Oncol,2025,2024-11-24 00:00:00,,,10.1016/j.jtho.2024.11.020,https://pubmed.ncbi.nlm.nih.gov/39581379/,,,failed,https://www.sciencedirect.com/science/article/pii/S1556086424024833?via=ihub -> no_live_pdf
39562196,CT-Defined Coronary Artery Calcification as a Prognostic Marker for Overall Survival in Lung Cancer: A Systematic Review and Meta-analysis,"Meyer HJ, Wienke A, Surov A.",Acad Radiol. 2025 Mar;32(3):1306-1312. doi: 10.1016/j.acra.2024.10.046. Epub 2024 Nov 18.,Meyer HJ,Acad Radiol,2025,2024-11-19 00:00:00,,,10.1016/j.acra.2024.10.046,https://pubmed.ncbi.nlm.nih.gov/39562196/,,,failed,row_timeout>120s
39551030,Impact of the timing of immunotherapy administration on overall survival for resectable non-small cell lung cancer (iACORN study): A systematic review and meta-analysis of randomised trials,"Patel AJ, Hemead H, Law J, Wali A, De Sousa P, Lim E.",Eur J Cancer. 2025 Jan;214:115118. doi: 10.1016/j.ejca.2024.115118. Epub 2024 Nov 9.,Patel AJ,Eur J Cancer,2025,2024-11-17 00:00:00,,,10.1016/j.ejca.2024.115118,https://pubmed.ncbi.nlm.nih.gov/39551030/,https://doi.org/10.1016/j.ejca.2024.115118,,failed,row_timeout>120s
39547658,Early Palliative Care in Advanced Non-Small Cell Lung Cancer Patients: A Meta-Analysis,"Liu J, Cheng W, Du J, Li Y.",Am J Hosp Palliat Care. 2025 Nov;42(11):1109-1119. doi: 10.1177/10499091241300530. Epub 2024 Nov 15.,Liu J,Am J Hosp Palliat Care,2025,2024-11-15 00:00:00,,,10.1177/10499091241300530,https://pubmed.ncbi.nlm.nih.gov/39547658/,https://www.nih.gov/,,failed,row_timeout>150s
39486561,Role of osimertinib plus brain radiotherapy versus osimertinib single therapy in EGFR-mutated non-small-cell lung cancer with brain metastases: A meta-analysis and systematic review,"Nepote A, Poletto S, Bertaglia V, Carnio S, Piumatti C, Lanzetta C, Cantale O, Saba G, Bironzo P, Novello S, Tralongo AC.",Crit Rev Oncol Hematol. 2025 Jan;205:104540. doi: 10.1016/j.critrevonc.2024.104540. Epub 2024 Oct 30.,Nepote A,Crit Rev Oncol Hematol,2025,2024-11-01 00:00:00,,,10.1016/j.critrevonc.2024.104540,https://pubmed.ncbi.nlm.nih.gov/39486561/,https://doi.org/10.1016/j.critrevonc.2024.104540,,failed,https://www.sciencedirect.com/science/article/pii/S104084282400283X?via=ihub -> no_live_pdf
39449179,Dietary Flavonoids and Lung Cancer: A GRADE-Assessed Systematic Review and Meta-Analysis of Observational Studies,"Rostampour K, Alipour K, Mirjalili F, Forootani B, Yekrang Safakar H, Beigrezaei S, Forbes SC, Salehi-Abargouei A.",Nutr Cancer. 2025;77(2):164-178. doi: 10.1080/01635581.2024.2417457. Epub 2024 Oct 24.,Rostampour K,Nutr Cancer,2025,2024-10-25 00:00:00,,,10.1080/01635581.2024.2417457,https://pubmed.ncbi.nlm.nih.gov/39449179/,https://www.tandfonline.com/doi/full/10.1080/01635581.2024.2417457,,failed,row_timeout>150s
39389220,Improved Event-Free Survival After Complete or Major Pathologic Response in Patients With Resectable NSCLC Treated With Neoadjuvant Chemoimmunotherapy Regardless of Adjuvant Treatment: A Systematic Review and Individual Patient Data Meta-Analysis,"Marinelli D, Nuccio A, Di Federico A, Ambrosi F, Bertoglio P, Faccioli E, Ferrara R, Ferro A, Giusti R, Guerrera F, Mammana M, Pittaro A, Sepulcri M, Viscardi G, Gallina FT.",J Thorac Oncol. 2025 Mar;20(3):285-295. doi: 10.1016/j.jtho.2024.09.1443. Epub 2024 Oct 9.,Marinelli D,J Thorac Oncol,2025,2024-10-10 00:00:00,,,10.1016/j.jtho.2024.09.1443,https://pubmed.ncbi.nlm.nih.gov/39389220/,https://linkinghub.elsevier.com/retrieve/pii/S1556-0864(24)02374-8,,failed,https://www.sciencedirect.com/science/article/pii/S1556086424023748?via=ihub -> no_live_pdf
39348271,Unveiling the Effects of Cruciferous Vegetable Intake on Different Cancers: A Systematic Review and Dose-Response Meta-analysis,"Zheng S, Yan J, Wang J, Wang X, Kang YE, Koo BS, Shan Y, Liu L.",Nutr Rev. 2025 May 1;83(5):842-858. doi: 10.1093/nutrit/nuae131.,Zheng S,Nutr Rev,2025,2024-09-30 00:00:00,,,10.1093/nutrit/nuae131,https://pubmed.ncbi.nlm.nih.gov/39348271/,https://www.nih.gov/,,failed,row_timeout>150s
39319530,The risk of treatment-related toxicities with PD-1/PD-L1 inhibitors in patients with lung cancer,"Hu H, Zhu Q, Tang H, Zhang SC, Huang YZ, Wang YF, Xu ZY, Yang XW, Zheng JH, Guo CY.",Int J Cancer. 2025 Feb 1;156(3):608-622. doi: 10.1002/ijc.35195. Epub 2024 Sep 25.,Hu H,Int J Cancer,2025,2024-09-25 00:00:00,,,10.1002/ijc.35195,https://pubmed.ncbi.nlm.nih.gov/39319530/,https://onlinelibrary.wiley.com/doi/full/10.1002/ijc.35195,,failed,row_timeout>120s
39297378,Diagnostic performance of rapid on-site evaluation during bronchoscopy for lung cancer: A comprehensive meta-analysis,"Chen CC, Lu SC, Chang YK, Bai CH, Hsiao KY, Lee KY, Wang YH.",Cancer Cytopathol. 2025 Jan;133(1):e22908. doi: 10.1002/cncy.22908. Epub 2024 Sep 19.,Chen CC,Cancer Cytopathol,2025,2024-09-19 00:00:00,,,10.1002/cncy.22908,https://pubmed.ncbi.nlm.nih.gov/39297378/,https://acsjournals.onlinelibrary.wiley.com/doi/full/10.1002/cncy.22908,,failed,row_timeout>150s
39143665,Comprehensive Potential of Artificial Intelligence for Predicting PD-L1 Expression and EGFR Mutations in Lung Cancer: A Systematic Review and Meta-Analysis,"Wu L, Wei D, Chen W, Wu C, Lu Z, Li S, Liu W.",J Comput Assist Tomogr. 2025 Jan-Feb 01;49(1):101-112. doi: 10.1097/RCT.0000000000001644. Epub 2024 Aug 12.,Wu L,J Comput Assist Tomogr,2025,2024-08-15 00:00:00,,,10.1097/RCT.0000000000001644,https://pubmed.ncbi.nlm.nih.gov/39143665/,https://journals.lww.com/jcat/fulltext/2025/01000/comprehensive_potential_of_artificial_intelligence.13.aspx,,failed,row_timeout>120s
